a6530dc57a15174cccd87b0af4e8cb7df172ef81bd35fb96edeffde6ab2a2fda	6972	CERTIFICATION_MANIFEST.json
a3315230692974510d70eee5923a757f6fb476a5909b98b02cc54724e11a8eb3	47998	accord402_candidate_d2_f4_f8.py
590337fcc3607deb008fdf167e4a8db24fa82f71dc83d4fd259ac8b00f7b2d42	1080	d2-transformation-manifest.json
5278cf6896110f6fdc0bf07a1136d1e0e2bbe19a18c2c5986b6f4ae206bf30e2	3519	deployment-envelope.json
547e4afcf2d26cb0df2461d13a8f34bf17788f020e23ceb7466c07bea940c02e	199382	f4-structural-guard-control-flow-frontier.json
5364f856cc24f03fb8e7262a065f1fdeca1d2ff78a1b11b25bf6941b294716d5	7948	f8-ast-identical-simple-statement-packing-frontier.json
abb72e3e7807c8d85e34a9d46ff422f0edc385fa5381cd14aa362b7d612a0ec2	18240	offline-envelope-capture-local-endpoint.mjs
700f4249564a2a380afd2aa6cce982749c0ed0a92471c6b08777c985c3a49f50	838	runtime-evidence/canonical-56-tests.log
291e567753c2b5adff7c06fcb763384357d09fe2f5f4bf463b26ad00822ac139	6859	runtime-evidence/canonical-collect.log
dcc68eae39c81198fd0104deba91592f9f01bb8e2b45e017660200d56de66a05	838	runtime-evidence/canonical-direct-mode.log
03232e4ce272db4ad2cb6190d2fabe6ab4b3a9ba2fc0b987c3506f85818d2467	281	runtime-evidence/canonical-genvm-check.log
ca0b8a3f2403f4ed8229b29c80e1c235cdf31981a4465285c65533c3f1f8a431	56	runtime-evidence/canonical-genvm-typecheck.log
92e579cf61bd96bf19a6897298732e67b96a502f02ee0ce18bda58a414a5c89f	838	runtime-evidence/canonical-hash-vectors.log
06bf17c99dfd9dcc2488a07f68731c9cede58f5911d61080397860cecb0d0e2d	11548	runtime-evidence/canonical-schema.json
c0d8467fca32db2b1900d14a20fb1303de201d0a1863cd6d64e04757a0833b98	75	runtime-evidence/canonical-schema.log
521b5663dfb1d3b739aa0eef33d8b396fc65ff1a57faa7fceb91e317c63390ae	4008	runtime-evidence/canonical-snapshot-manifest.json
e25e50e68806518ba5cbc490689c0cb1352a06f0e104b1b8f44af66c00fabafb	838	runtime-evidence/d2-56-tests.log
291e567753c2b5adff7c06fcb763384357d09fe2f5f4bf463b26ad00822ac139	6859	runtime-evidence/d2-collect.log
dcc68eae39c81198fd0104deba91592f9f01bb8e2b45e017660200d56de66a05	838	runtime-evidence/d2-direct-mode.log
03232e4ce272db4ad2cb6190d2fabe6ab4b3a9ba2fc0b987c3506f85818d2467	281	runtime-evidence/d2-genvm-check.log
ca0b8a3f2403f4ed8229b29c80e1c235cdf31981a4465285c65533c3f1f8a431	56	runtime-evidence/d2-genvm-typecheck.log
92e579cf61bd96bf19a6897298732e67b96a502f02ee0ce18bda58a414a5c89f	838	runtime-evidence/d2-hash-vectors.log
06bf17c99dfd9dcc2488a07f68731c9cede58f5911d61080397860cecb0d0e2d	11548	runtime-evidence/d2-schema.json
224d5fb13c2388c6f4d562a85726b27508372ffef6843fe967327b02f7b57077	68	runtime-evidence/d2-schema.log
eeac5307930bca32b8f072562629c1f17a772da122c896dcd39296feac73e9e7	485	runtime-evidence/real-tests-after.json
eeac5307930bca32b8f072562629c1f17a772da122c896dcd39296feac73e9e7	485	runtime-evidence/real-tests-before.json
521b5663dfb1d3b739aa0eef33d8b396fc65ff1a57faa7fceb91e317c63390ae	4008	runtime-evidence/source-snapshot-manifest.json
