index	utc	block	gl_latest	gl_pending	chain_latest	chain_pending	balance_wei	pending_nonce856
1	2026-09-12T06:03:44Z	21497716	856	856	856	856	7530431203937238246	0
2	2026-09-12T06:03:54Z	21497728	856	856	856	856	7530431203937238246	0
3	2026-09-12T06:04:05Z	21497739	856	856	856	856	7530431203937238246	0
4	2026-09-12T06:04:17Z	21497749	856	856	856	856	7530431203937238246	0
5	2026-09-12T06:04:28Z	21497756	856	856	856	856	7530431203937238246	0
6	2026-09-12T06:04:38Z	21497764	856	856	856	856	7530431203937238246	0
7	2026-09-12T06:04:48Z	21497768	856	856	856	856	7530431203937238246	0
8	2026-09-12T06:04:58Z	21497779	856	856	856	856	7530431203937238246	0
9	2026-09-12T06:05:09Z	21497793	856	856	856	856	7530431203937238246	0
10	2026-09-12T06:05:22Z	21497804	856	856	856	856	7530431203937238246	0
11	2026-09-12T06:05:33Z	21497812	856	856	856	856	7530431203937238246	0
12	2026-09-12T06:05:43Z	21497824	856	856	856	856	7530431203937238246	0
